ResId,ResName,MaintainType,CacheTime,ResPath,ResType
//资源ID,资源名称,资源保留类型,资源缓存时间,资源路径,资源类型 0material 1prefab
1,uiEnterGame,1,0,UI/,1
2,uiClientSelect,1,0,UI/,1
3,uiPlayerManipulate,1,0,UI/,1
100,Player_1_male,0,10,Character/,1
101,Player_1_female,0,10,Character/,1
500,wp_blune04,0,10,Item/,1
600,Spear02,0,10,Item/,1
700,epic_shield3,0,10,Item/,1
800,epic_shield2,0,10,/Item/,1
900,sky01,0,10,Scene/,0
901,sky02,0,10,Scene/,0
950,weather01,0,10,Scene/,1
1000,terrain01,0,10,Scene/,1
1001,terrain02,0,10,Scene/,1
5000,ResVer,0,10,,1
5001,resourceinfo,0,10,Config/,1
5002,SceneCfg,0,10,Config/,1
5003,EquipCfg,0,10,Config/,1
5004,CharacterCfg,0,10,Config/,1